cmax,cmin,b,be,k1,k2,kb,kg,St,bg,tdly,qconst
1244.0129294294268,220.02742418289168,2.0,2.9998089849345417,20.64491914488654,0.1,4528.303615952726,8870.401436642976,42.53682319400235,1.0,0.0,-0.2987893702038671
